Feature,Importance
W,16.810256418583936
W_C_ratio,14.31885082965662
W_Binder_ratio,13.292244776702574
SF,10.315666253066155
Coarse_Agg,9.787701801599724
SP,8.447841055870068
Fine_Agg,5.6713972936825865
Total_Binder,5.071063747737406
SF_C_ratio,3.7205366572661247
C,3.379072625193738
Total_Fiber,3.195653492258986
Fiber_Aspect_Ratio,3.1300974009092717
FA,1.7792429576403728
D,1.080374689832426
