Metric,Train,Test
R2,0.9987087079775945,0.9334907504809314
RMSE,0.7551872491503394,4.4950585747152285
MAE,0.5471118731997489,3.0607945201499325
MAPE,1.1784659666407635,7.2092294913535495
